{
    "id": "backend-api-environment",
    "name": "Backend API - Env",
    "values": [
        { "key": "baseUrl", "value": "http://localhost:8000", "enabled": true },
        { "key": "apiToken", "value": "", "enabled": true },
        {
            "key": "testUserEmail",
            "value": "tester@example.com",
            "enabled": true
        },
        { "key": "testUserPassword", "value": "password123", "enabled": true },
        { "key": "userId", "value": "", "enabled": true },
        { "key": "jobId", "value": "", "enabled": true },
        { "key": "verificationToken", "value": "", "enabled": true },
        { "key": "resetToken", "value": "", "enabled": true }
    ],
    "_postman_variable_scope": "environment",
    "_postman_exported_at": "2025-11-28T00:00:00.000Z",
    "_postman_exported_using": "Postman/10.0.0"
}
